epoch,avg_loss
1,6.284288
2,5.534976
3,4.199928
4,3.391109
5,2.945493
6,2.783363
7,2.78131
8,2.782648
9,2.753454
10,2.72119
11,2.699376
12,2.687348
13,2.682969
14,2.678697
15,2.669806
16,2.666172
17,2.669263
18,2.669488
19,2.665143
20,2.663953
21,2.664488
22,2.663979
23,2.661834
24,2.662038
25,2.66247
26,2.662456
27,2.661203
28,2.661695
29,2.6617
30,2.662081
